Workbook

Sheet Pruebas
A1: # | B1: Fase | C1: ID | D1: Caso de prueba | E1: Resultado esperado | F1: Resultado obtenido | G1: Estado | H1: Severidad | I1: Notas
A2: 1 | B2: 1 | C2: MA-05 | D2: Entrar al maestro EMPRESA DE SERVICIO con 500+ registros | E2: No crashea con "Cannot read properties of null (toLowerCase)" | H2: 🔴 Crítico
A3: 2 | B3: 1 | C3: RB-03 | D3: Cambiar el rol de un usuario en Gestión de Usuarios | E3: No crashea con error toLowerCase | H3: 🔴 Crítico
A4: 3 | B4: 1 | C4: A-07 | D4: Asignar fecha de instalación posterior a fecha de retiro | E4: Toast de error nombrando los correlativos. No guarda | H4: 🔴 Crítico
A5: 4 | B5: 1 | C5: A-07 (UI) | D5: Input F. Instalación tiene max=retiro; F. Retiro tiene min=instalación | E5: Navegador bloquea la combinación inválida | H5: 🟡 Alto
A6: 5 | B6: 1 | C6: A-02 | D6: Intentar elegir fecha anterior a hoy en asignación | E6: Navegador bloquea; backend rechaza si manipulan DOM | H6: 🔴 Crítico
A7: 6 | B7: 1 | C7: C-07 | D7: Reagendar desde calendario con fecha pasada | E7: Input min=hoy; no permite seleccionar | H7: 🟡 Alto
A8: 7 | B8: 1 | C8: A-01 | D8: Lista de asignación NO muestra fichas en PENDIENTE COORDINACIÓN | E8: Solo aparecen id_validaciontecnica 5 o 6 con disponibles | H8: 🔴 Crítico
A9: 8 | B9: 1 | C9: A-01 (EN PROCESO) | D9: Fichas EN PROCESO sin servicios disponibles no aparecen | E9: Filtradas por servicios_disponibles > 0 | H9: 🟡 Alto
A10: 9 | B10: 1 | C10: R-11 | D10: Planificador de rutas excluye fichas PENDIENTE COORDINACIÓN | E10: Mismo filtro que A-01 | H10: 🔴 Crítico
A11: 10 | B11: 1 | C11: A-09 (servicio) | D11: Seleccionar Servicio 2 en planificador y guardar | E11: Se guarda el Servicio 2, no otro. No fallback silencioso | H11: 🔴 Crítico
A12: 11 | B12: 1 | C12: A-09 (edge) | D12: Servicio elegido pasa a AGENDADO/EJECUTADO/CANCELADO antes de guardar | E12: Se omite con toast en vez de guardar incorrecto | H12: 🟡 Alto
A13: 12 | B13: 1 | C13: A-09 (403) | D13: Usuario con FI_GEST_ASIG abre comparación de versiones de remuestreo | E13: Permite abrir el modal (antes daba 403) | H13: 🟡 Alto
... A115: 114 | B115: 6 | C115: X-08 | D115: Solicitar reset de password para usuario con nombre <script> | E115: Email muestra el nombre como texto literal (no ejecuta) | H115: 🟡 Alto

Sheet Resumen
A1: Fase | B1: Total | C1: ✅ PASA | D1: ❌ FALLA | E1: ⏸️ BLOQUEADO | F1: ⏳ PENDIENTE | G1: % Avance
A2: 1 — Crashes y críticos | B2: =COUNTIF(Pruebas!B:B,"1") | C2: =COUNTIFS(Pruebas!B:B,"1",Pruebas!G:G,"PASA") | D2: =COUNTIFS(Pruebas!B:B,"1",Pruebas!G:G,"FALLA") | E2: =COUNTIFS(Pruebas!B:B,"1",Pruebas!G:G,"BLOQUEADO") | F2: =COUNTIFS(Pruebas!B:B,"1",Pruebas!G:G,"PENDIENTE")+COUNTIFS(Pruebas!B:B,"1",Pruebas!G:G,"") | G2: =IFERROR((COUNTIFS(Pruebas!B:B,"1",Pruebas!G:G,"PASA")+COUNTIFS(Pruebas!B:B,"1",Pruebas!G:G,"FALLA")+COUNTIFS(Pruebas!B:B,"1",Pruebas!G:G,"BLOQUEADO"))/COUNTIF(Pruebas!B:B,"1"),0)
A3: 2 — Fichas | B3: =COUNTIF(Pruebas!B:B,"2") | C3: =COUNTIFS(Pruebas!B:B,"2",Pruebas!G:G,"PASA") | D3: =COUNTIFS(Pruebas!B:B,"2",Pruebas!G:G,"FALLA") | E3: =COUNTIFS(Pruebas!B:B,"2",Pruebas!G:G,"BLOQUEADO") | F3: =COUNTIFS(Pruebas!B:B,"2",Pruebas!G:G,"PENDIENTE")+COUNTIFS(Pruebas!B:B,"2",Pruebas!G:G,"") | G3: =IFERROR((COUNTIFS(Pruebas!B:B,"2",Pruebas!G:G,"PASA")+COUNTIFS(Pruebas!B:B,"2",Pruebas!G:G,"FALLA")+COUNTIFS(Pruebas!B:B,"2",Pruebas!G:G,"BLOQUEADO"))/COUNTIF(Pruebas!B:B,"2"),0)
A4: 3 — Rutas/Calendario/Asignación | B4: =COUNTIF(Pruebas!B:B,"3") | C4: =COUNTIFS(Pruebas!B:B,"3",Pruebas!G:G,"PASA") | D4: =COUNTIFS(Pruebas!B:B,"3",Pruebas!G:G,"FALLA") | E4: =COUNTIFS(Pruebas!B:B,"3",Pruebas!G:G,"BLOQUEADO") | F4: =COUNTIFS(Pruebas!B:B,"3",Pruebas!G:G,"PENDIENTE")+COUNTIFS(Pruebas!B:B,"3",Pruebas!G:G,"") | G4: =IFERROR((COUNTIFS(Pruebas!B:B,"3",Pruebas!G:G,"PASA")+COUNTIFS(Pruebas!B:B,"3",Pruebas!G:G,"FALLA")+COUNTIFS(Pruebas!B:B,"3",Pruebas!G:G,"BLOQUEADO"))/COUNTIF(Pruebas!B:B,"3"),0)
A5: 4 — Equipos/Muestreadores | B5: =COUNTIF(Pruebas!B:B,"4") | C5: =COUNTIFS(Pruebas!B:B,"4",Pruebas!G:G,"PASA") | D5: =COUNTIFS(Pruebas!B:B,"4",Pruebas!G:G,"FALLA") | E5: =COUNTIFS(Pruebas!B:B,"4",Pruebas!G:G,"BLOQUEADO") | F5: =COUNTIFS(Pruebas!B:B,"4",Pruebas!G:G,"PENDIENTE")+COUNTIFS(Pruebas!B:B,"4",Pruebas!G:G,"") | G5: =IFERROR((COUNTIFS(Pruebas!B:B,"4",Pruebas!G:G,"PASA")+COUNTIFS(Pruebas!B:B,"4",Pruebas!G:G,"FALLA")+COUNTIFS(Pruebas!B:B,"4",Pruebas!G:G,"BLOQUEADO"))/COUNTIF(Pruebas!B:B,"4"),0)
A6: 5 — Auth/Reset/RBAC | B6: =COUNTIF(Pruebas!B:B,"5") | C6: =COUNTIFS(Pruebas!B:B,"5",Pruebas!G:G,"PASA") | D6: =COUNTIFS(Pruebas!B:B,"5",Pruebas!G:G,"FALLA") | E6: =COUNTIFS(Pruebas!B:B,"5",Pruebas!G:G,"BLOQUEADO") | F6: =COUNTIFS(Pruebas!B:B,"5",Pruebas!G:G,"PENDIENTE")+COUNTIFS(Pruebas!B:B,"5",Pruebas!G:G,"") | G6: =IFERROR((COUNTIFS(Pruebas!B:B,"5",Pruebas!G:G,"PASA")+COUNTIFS(Pruebas!B:B,"5",Pruebas!G:G,"FALLA")+COUNTIFS(Pruebas!B:B,"5",Pruebas!G:G,"BLOQUEADO"))/COUNTIF(Pruebas!B:B,"5"),0)
A7: 6 — Polish UX | B7: =COUNTIF(Pruebas!B:B,"6") | C7: =COUNTIFS(Pruebas!B:B,"6",Pruebas!G:G,"PASA") | D7: =COUNTIFS(Pruebas!B:B,"6",Pruebas!G:G,"FALLA") | E7: =COUNTIFS(Pruebas!B:B,"6",Pruebas!G:G,"BLOQUEADO") | F7: =COUNTIFS(Pruebas!B:B,"6",Pruebas!G:G,"PENDIENTE")+COUNTIFS(Pruebas!B:B,"6",Pruebas!G:G,"") | G7: =IFERROR((COUNTIFS(Pruebas!B:B,"6",Pruebas!G:G,"PASA")+COUNTIFS(Pruebas!B:B,"6",Pruebas!G:G,"FALLA")+COUNTIFS(Pruebas!B:B,"6",Pruebas!G:G,"BLOQUEADO"))/COUNTIF(Pruebas!B:B,"6"),0)
A8: TOTAL | B8: =SUM(B2:B7) | C8: =SUM(C2:C7) | D8: =SUM(D2:D7) | E8: =SUM(E2:E7) | F8: =SUM(F2:F7) | G8: =IFERROR((C8+D8+E8)/B8,0)

Sheet Hallazgos nuevos
A1: # | B1: Sección | C1: Descripción | D1: Pasos para reproducir | E1: Severidad | F1: Estado | G1: Asignado a | H1: Fecha
A2: 1
A3: 2
A4: 3
A5: 4
A6: 5
A7: 6
A8: 7
A9: 8
A10: 9
A11: 10
A12: 11
A13: 12
... A31: 30

Sheet Prerequisitos
A1: # | B1: Paso | C1: Listo
A2: 1 | B2: SQL ejecutado: db-migrations/phase5-auth-tables.sql
A3: 2 | B3: Variable FRONTEND_URL agregada al .env del backend (ej: http://localhost:5173)
A4: 3 | B4: Backend reiniciado (npm run dev en api-backend-adlone/)
A5: 4 | B5: Frontend corriendo (npm run dev en frontend-adlone/)
A6: 5 | B6: SMTP del backend verificado con un envío de prueba
A7: 6 | B7: Tener al menos 1 usuario admin y 1 usuario regular para pruebas RB-04/RB-07
A8: 7 | B8: Tener al menos 1 ficha existente para probar edición (F-35, F-36, F-37)
A9: 8 | B9: Tener al menos 1 ficha de remuestreo para probar F-34 / A-09
A10: 9 | B10: Browser con consola Network abierta para verificar status HTTP
