Workbook

Sheet FICHAS
A3: ID MUESTRA * | B3: MONITOREO * | C3: EMPRESA DE SERVICIO * | D3: EMPRESA A FACTURAR * | E3: BASE DE OPERACIONES * | F3: CENTRO / FUENTE EMISORA * | G3: CONTACTO NOMBRE | H3: CONTACTO EMAIL | I3: OBJETIVO MUESTREO * | J3: RESPONSABLE DEL MUESTREO | K3: CARGO | L3: PUNTO DE MUESTREO | M3: FRECUENCIA PERÍODO (selección) | N3: FREC. CANTIDAD (auto) | O3: FACTOR (auto) | P3: TOTAL SERVICIOS (auto) | Q3: UTM NORTE | R3: UTM ESTE | S3: INSTRUMENTO AMBIENTAL | T3: COMPONENTE AMBIENTAL * | U3: SUB ÁREA | V3: NOMBRE TABLA | W3: ETFA S/N | X3: INSPECTOR AMBIENTAL | Y3: TIPO DE MUESTREO | Z3: TIPO DE MUESTRA | AA3: ACTIVIDAD DEL MUESTREO | AB3: DURACIÓN DEL MUESTREO | AC3: TIPO DE DESCARGA | AD3: REF. GOOGLE MAPS | AE3: MEDICION CAUDAL | AF3: MODALIDAD | AG3: FORMA CANAL | AH3: U MEDIDA FORMA CANAL | AI3: VALOR FORMA CANAL | AJ3: DISPOSITIVO HIDRÁULICO | AK3: U MEDIDA DISPOSITIVO HIDRÁULICO | AL3: VALOR DISPOSITIVO HIDRÁULICO | AM3: OBSERVACIONES
A4: M-001 | B4: Compuesto | C4: Invermar S.A. | D4: Invermar S.A. | E4: Puerto Montt | F4: Piscicultura Lago Verde | G4: Maria Jose Castro | H4: mariajose.castro@invermar.cl | I4: Autocontrol | J4: ADL Diagnostic | K4: Muestreador | L4: Efluente | M4: Mensual | N4: 4 | O4: =IF(M4="", "", IFERROR(VLOOKUP(IF(ISNUMBER(M4),TEXT(M4,"0"),M4), _MAPPINGS!$A$1:$C$24, 3, FALSE), 1)) -> 12 | P4: =IF(AND(N4<>"", O4<>""), N4*O4, "") -> 48 | Q4: 5426758 | R4: 711953 | S4: Resolución SISS N° 3360/2011 | T4: Agua | U4: Agua residual | V4: DS 90 | W4: Si | X4: Pablo Flores | Y4: Automático | Z4: Agua residual | AA4: Medición y Muestreo | AB4: 24 | AC4: Continua | AD4: https://maps.app.goo.gl/u91f5prJhZa5mTyu5 | AE4: Automático | AM4: Limite normativo pH: 6,0 - 8,5 Limite normativo T°: 40° C Limite normavito caudal: 71.256 m3/d Caudal: Anotar totalizador de inicio y final para calcular VDD (volumen descarga diario)
N5: =IF(M5="", "", IFERROR(VLOOKUP(IF(ISNUMBER(M5),TEXT(M5,"0"),M5), _MAPPINGS!$A$1:$C$24, 2, FALSE), 1)) | O5: =IF(M5="", "", IFERROR(VLOOKUP(IF(ISNUMBER(M5),TEXT(M5,"0"),M5), _MAPPINGS!$A$1:$C$24, 3, FALSE), 1)) | P5: =IF(AND(N5<>"", O5<>""), N5*O5, "")
N6: =IF(M6="", "", IFERROR(VLOOKUP(IF(ISNUMBER(M6),TEXT(M6,"0"),M6), _MAPPINGS!$A$1:$C$24, 2, FALSE), 1)) | O6: =IF(M6="", "", IFERROR(VLOOKUP(IF(ISNUMBER(M6),TEXT(M6,"0"),M6), _MAPPINGS!$A$1:$C$24, 3, FALSE), 1)) | P6: =IF(AND(N6<>"", O6<>""), N6*O6, "")
N7: =IF(M7="", "", IFERROR(VLOOKUP(IF(ISNUMBER(M7),TEXT(M7,"0"),M7), _MAPPINGS!$A$1:$C$24, 2, FALSE), 1)) | O7: =IF(M7="", "", IFERROR(VLOOKUP(IF(ISNUMBER(M7),TEXT(M7,"0"),M7), _MAPPINGS!$A$1:$C$24, 3, FALSE), 1)) | P7: =IF(AND(N7<>"", O7<>""), N7*O7, "")
N8: =IF(M8="", "", IFERROR(VLOOKUP(IF(ISNUMBER(M8),TEXT(M8,"0"),M8), _MAPPINGS!$A$1:$C$24, 2, FALSE), 1)) | O8: =IF(M8="", "", IFERROR(VLOOKUP(IF(ISNUMBER(M8),TEXT(M8,"0"),M8), _MAPPINGS!$A$1:$C$24, 3, FALSE), 1)) | P8: =IF(AND(N8<>"", O8<>""), N8*O8, "")
N9: =IF(M9="", "", IFERROR(VLOOKUP(IF(ISNUMBER(M9),TEXT(M9,"0"),M9), _MAPPINGS!$A$1:$C$24, 2, FALSE), 1)) | O9: =IF(M9="", "", IFERROR(VLOOKUP(IF(ISNUMBER(M9),TEXT(M9,"0"),M9), _MAPPINGS!$A$1:$C$24, 3, FALSE), 1)) | P9: =IF(AND(N9<>"", O9<>""), N9*O9, "")
N10: =IF(M10="", "", IFERROR(VLOOKUP(IF(ISNUMBER(M10),TEXT(M10,"0"),M10), _MAPPINGS!$A$1:$C$24, 2, FALSE), 1)) | O10: =IF(M10="", "", IFERROR(VLOOKUP(IF(ISNUMBER(M10),TEXT(M10,"0"),M10), _MAPPINGS!$A$1:$C$24, 3, FALSE), 1)) | P10: =IF(AND(N10<>"", O10<>""), N10*O10, "")
N11: =IF(M11="", "", IFERROR(VLOOKUP(IF(ISNUMBER(M11),TEXT(M11,"0"),M11), _MAPPINGS!$A$1:$C$24, 2, FALSE), 1)) | O11: =IF(M11="", "", IFERROR(VLOOKUP(IF(ISNUMBER(M11),TEXT(M11,"0"),M11), _MAPPINGS!$A$1:$C$24, 3, FALSE), 1)) | P11: =IF(AND(N11<>"", O11<>""), N11*O11, "")
N12: =IF(M12="", "", IFERROR(VLOOKUP(IF(ISNUMBER(M12),TEXT(M12,"0"),M12), _MAPPINGS!$A$1:$C$24, 2, FALSE), 1)) | O12: =IF(M12="", "", IFERROR(VLOOKUP(IF(ISNUMBER(M12),TEXT(M12,"0"),M12), _MAPPINGS!$A$1:$C$24, 3, FALSE), 1)) | P12: =IF(AND(N12<>"", O12<>""), N12*O12, "")
N13: =IF(M13="", "", IFERROR(VLOOKUP(IF(ISNUMBER(M13),TEXT(M13,"0"),M13), _MAPPINGS!$A$1:$C$24, 2, FALSE), 1)) | O13: =IF(M13="", "", IFERROR(VLOOKUP(IF(ISNUMBER(M13),TEXT(M13,"0"),M13), _MAPPINGS!$A$1:$C$24, 3, FALSE), 1)) | P13: =IF(AND(N13<>"", O13<>""), N13*O13, "")
N14: =IF(M14="", "", IFERROR(VLOOKUP(IF(ISNUMBER(M14),TEXT(M14,"0"),M14), _MAPPINGS!$A$1:$C$24, 2, FALSE), 1)) | O14: =IF(M14="", "", IFERROR(VLOOKUP(IF(ISNUMBER(M14),TEXT(M14,"0"),M14), _MAPPINGS!$A$1:$C$24, 3, FALSE), 1)) | P14: =IF(AND(N14<>"", O14<>""), N14*O14, "")
N15: =IF(M15="", "", IFERROR(VLOOKUP(IF(ISNUMBER(M15),TEXT(M15,"0"),M15), _MAPPINGS!$A$1:$C$24, 2, FALSE), 1)) | O15: =IF(M15="", "", IFERROR(VLOOKUP(IF(ISNUMBER(M15),TEXT(M15,"0"),M15), _MAPPINGS!$A$1:$C$24, 3, FALSE), 1)) | P15: =IF(AND(N15<>"", O15<>""), N15*O15, "")
N16: =IF(M16="", "", IFERROR(VLOOKUP(IF(ISNUMBER(M16),TEXT(M16,"0"),M16), _MAPPINGS!$A$1:$C$24, 2, FALSE), 1)) | O16: =IF(M16="", "", IFERROR(VLOOKUP(IF(ISNUMBER(M16),TEXT(M16,"0"),M16), _MAPPINGS!$A$1:$C$24, 3, FALSE), 1)) | P16: =IF(AND(N16<>"", O16<>""), N16*O16, "")
... N200: =IF(M200="", "", IFERROR(VLOOKUP(IF(ISNUMBER(M200),TEXT(M200,"0"),M200), _MAPPINGS!$A$1:$C$24, 2, FALSE), 1)) | O200: =IF(M200="", "", IFERROR(VLOOKUP(IF(ISNUMBER(M200),TEXT(M200,"0"),M200), _MAPPINGS!$A$1:$C$24, 3, FALSE), 1)) | P200: =IF(AND(N200<>"", O200<>""), N200*O200, "")

Sheet ANALISIS
A1: 🧪 ADL ONE — Carga Masiva | Hoja 2: ANALISIS (una fila = un análisis)
A2: ⚠️ SI DESEA MODIFICAR LA UF, ESCRIBA EN LA COLUMNA AZUL "UF MANUAL". NO TOQUE LA COLUMNA VERDE.
A3: ID MUESTRA * | B3: NOMBRE ANÁLISIS * | C3: TIPO ANÁLISIS * | D3: LABORATORIO 1 * | E3: TIPO ENTREGA * | F3: NORMATIVA | G3: REFERENCIA NORMATIVA | H3: LABORATORIO 2 | I3: ✏️ UF INDIVIDUAL (Escriba Aquí)
A4: M-001 | B4: pH | C4: Terreno | D4: ADL Diagnostic | E4: No aplica | F4: D.S 90 | G4: Tabla 1 | I4: 2
A5: M-001 | B5: Temperatura | C5: Terreno | D5: ADL Diagnostic | E5: No aplica | F5: D.S 90 | G5: Tabla 1 | I5: 2
A6: M-001 | B6: Caudal | C6: Terreno | D6: ADL Diagnostic | E6: No aplica | I6: 2
A7: M-001 | B7: Aceites y Grasas | C7: Laboratorio | D7: Hidrolab | E7: Transporte | F7: D.S 90 | G7: Tabla 1 | I7: 2
A8: M-001 | B8: DBO5 | C8: Laboratorio | D8: Hidrolab | E8: Transporte | F8: D.S 90 | G8: Tabla 1 | I8: 2
A9: M-001 | B9: Nitrogeno Total Kjeldahl | C9: Laboratorio | D9: Hidrolab | E9: Transporte | F9: D.S 90 | G9: Tabla 1 | I9: 2
A10: M-001 | B10: Poder Espumogeno | C10: Laboratorio | D10: Hidrolab | E10: Transporte | F10: D.S 90 | G10: Tabla 1 | I10: 2
A11: M-001 | B11: Solidos Suspendidos Totales | C11: Laboratorio | D11: Hidrolab | E11: Transporte | F11: D.S 90 | G11: Tabla 1 | I11: 2
A12: M-001 | B12: Fósforo Total | C12: Laboratorio | D12: Hidrolab | E12: Transporte | F12: D.S 90 | G12: Tabla 1 | I12: 2
A13: M-001 | B13: Cloruros | C13: Laboratorio | D13: Hidrolab | E13: Transporte | F13: D.S 90 | G13: Tabla 1 | I13: 2

Sheet INSTRUCCIONES
A1: 📖 INSTRUCCIONES DE USO
A3: 1. HOJA "FICHAS": Ingrese los datos de la ficha en una fila.
A4: • La columna AZUL "✏️ UF DISTRIBUIR" es donde usted pone el valor total.
A5: 2. HOJA "ANALISIS": Repita el ID MUESTRA por cada análisis.
A6: • La columna VERDE "🔁 UF INDIVIDUAL" se calculará dividiendo la UF DISTRIBUIR.
A7: • Si quiere que un análisis específico tenga otro valor, escríbalo en la columna AZUL "✏️ UF MANUAL".
A8: 3. DINAMISMO:
A9: • Al escribir en UF DISTRIBUIR (Hoja 1), se actualizan todos los análisis (Hoja 2).
A10: • Al escribir en UF MANUAL (Hoja 2), se actualiza el UF TOTAL REAL (Hoja 1).
A12: ✅ CAMBIO: Ingrese el costo UF individualmente por cada análisis en la columna "UF INDIVIDUAL" de la hoja ANALISIS. El sistema sumará automáticamente el total al crear las fichas.
A13: ✅ MAESTROS: Las hojas MAESTRO_EMP_FACTURAR, MAESTRO_EMP_SERVICIO y MAESTRO_CENTROS contienen los valores válidos para las columnas de empresa y centro en la hoja FICHAS.

Sheet _MAPPINGS
A1: Hora | B1: 1 | C1: 24 | D1: 12
A2: 12 | B2: 1 | C2: 24 | D2: 12
A3: Diaria | B3: 1 | C3: 365 | D3: 1
A4: 1 | B4: 1 | C4: 365 | D4: 1
A5: Semanal | B5: 1 | C5: 52 | D5: 2
A6: 2 | B6: 1 | C6: 52 | D6: 2
A7: Mensual | B7: 1 | C7: 12 | D7: 3
A8: 3 | B8: 1 | C8: 12 | D8: 3
A9: Bimensual | B9: 2 | C9: 12 | D9: 4
A10: 4 | B10: 2 | C10: 12 | D10: 4
A11: Trimestral | B11: 1 | C11: 4 | D11: 5
A12: 5 | B12: 1 | C12: 4 | D12: 5
... A24: 11 | B24: 1 | C24: 6 | D24: 11

Sheet MAESTRO_EMP_FACTURAR
A1: MAESTRO: EMP FACTURAR
A2: ⚠️ Esta hoja es un maestro de referencia. Las validaciones de la hoja FICHAS apuntan a esta columna A.
A3: Nombre Empresa Facturar
A4: Invermar S.A.
A5: AquaChile S.A.
A6: Los Fiordos Ltda.
A7: Multiexport Foods S.A.
A8: Camanchaca S.A.

Sheet MAESTRO_EMP_SERVICIO
A1: MAESTRO: EMP SERVICIO
A2: ⚠️ Esta hoja es un maestro de referencia. Las validaciones de la hoja FICHAS apuntan a esta columna A.
A3: Nombre Empresa Servicio
A4: ADL Diagnostic
A5: Laboratorio ADL

Sheet MAESTRO_CENTROS
A1: MAESTRO: CENTROS
A2: ⚠️ Esta hoja es un maestro de referencia. Las validaciones de la hoja FICHAS apuntan a esta columna A.
A3: Nombre Centro / Fuente Emisora | B3: Empresa Propietaria | C3: Comuna | D3: Región
A4: Piscicultura Lago Verde | B4: Invermar S.A. | C4: Futaleufú | D4: Los Lagos
A5: Planta Puerto Montt | B5: Invermar S.A. | C5: Puerto Montt | D5: Los Lagos
A6: Centro Chaica | B6: AquaChile S.A. | C6: Los Muermos | D6: Los Lagos
